"","contrast","estimate","SE","df","t.ratio","p.value"
"1","Native - Nonnative",-0.0129833059467691,0.0079216775514231,135.063092552031,-1.6389591551144,0.103549116327018
