"","nesting_strata","response","SE","df","lower.CL","upper.CL"
"1","Arboreal",12.6268372684201,6.52036487936653,63.8727754923507,-0.399588716316556,25.6532632531567
"2","Ground",15.1557957499884,5.15914217886054,29.795818348045,4.61639323236405,25.6951982676127
"3","Leaf Litter",12.4689843951927,6.00587194277367,60.9454822368386,0.45928393879756,24.4786848515879
"4","Mixed",14.2604779333864,5.45958032115012,36.7245213587567,3.19551579201861,25.3254400747543
