"","status","response","SE","df","lower.CL","upper.CL"
"1","Native",0.130125468833611,0.0196887161457391,156.883212252819,0.0912363052166922,0.16901463245053
"2","Nonnative",0.144845041324028,0.0199641164150481,156.993225453034,0.105412121714515,0.184277960933542
