"","contrast","estimate","SE","df","t.ratio","p.value"
"1","Native - Nonnative",-0.0147195724904173,0.00566044748513008,118.410237800974,-2.60042558986466,0.0104967144475356
