"","contrast","ratio","SE","df","null","t.ratio","p.value"
"1","Arboreal / Ground",0.656678265313703,0.107623183539722,140.385006704574,1,-2.56611367053629,0.0545022528254013
"2","Arboreal / Leaf Litter",0.68254273486243,0.134212609660022,136.342948462895,1,-1.9423185500616,0.215408570148708
"3","Arboreal / Mixed",0.653788362401082,0.116863382847915,140.479226917256,1,-2.37748959267134,0.0861634479758773
"4","Ground / Leaf Litter",1.03938682139323,0.139472030132815,108.874960765272,1,0.287889224320883,0.991641325414905
"5","Ground / Mixed",0.995599210351144,0.116900771124443,140.93848422857,1,-0.0375625575052651,0.999980873469523
"6","Leaf Litter / Mixed",0.957871689210575,0.148438508116119,118.514416684449,1,-0.277745870616958,0.992481273088512
