"","nesting_strata","response","SE","df","lower.CL","upper.CL"
"1","Arboreal",-2.01422759594593,6.43535726381828,46.6377277645365,-12.662687083129,13.9483822667759
"2","Ground",14.7084377442796,7.11830767745199,16.9746900901577,1.78348058407782,32.3018764179144
"3","Leaf Litter",12.8626662775935,8.65588809110345,45.0609187597749,-1.69522291267749,33.9809516935788
"4","Mixed",14.9237408365364,7.79051322787557,23.9989933874181,1.21989761885722,33.9596642597579
