"","contrast","ratio","SE","df","null","t.ratio","p.value"
"1","Native / Nonnative",0.610377825164946,0.221851485925687,128.147232338346,1,-1.3582490578709,0.17677110153329
