"","contrast","ratio","SE","df","null","t.ratio","p.value"
"1","Native / Nonnative",1.01338906663315,0.0193783282283635,161.874160156792,1,0.695534859724009,0.487717483780577
