"","nesting_strata","response","SE","df","lower.CL","upper.CL"
"1","Arboreal",26.8726721931561,7.99853457339329,65.6828622956939,12.4245564192636,44.3666141556999
"2","Ground",51.1021353764695,5.45915390525291,14.0343621061553,39.9143591911898,63.3264225363081
"3","Leaf Litter",68.4916095915606,9.84432276307458,37.0761392795854,49.737659428675,89.6278794598648
"4","Mixed",58.5345117453542,7.63359639983887,36.6111758230255,43.8757463431479,74.8211107215194
