"","QWD","response","SE","df","lower.CL","upper.CL"
"1",160.638524025272,264.418106574947,148.325523946321,30.440589326116,84.1509593003543,830.851313710285
