"","contrast","ratio","SE","df","null","t.ratio","p.value"
"1","Native / Nonnative",0.550359219281077,0.19615763652198,106.854662550233,1,-1.67551859951733,0.0967564870452639
