"","contrast","ratio","SE","df","null","t.ratio","p.value"
"1","Native / Nonnative",1.09858022379474,0.052421947903273,94.2959174377863,1,1.97030105206528,0.0517370242880153
