"","contrast","ratio","SE","df","null","t.ratio","p.value"
"1","Polymorphic / Monomorphic",5.4309114271852,3.35636693582768,51.107342537921,1,2.73798522510314,0.00848610146435732
