"","contrast","ratio","SE","df","null","t.ratio","p.value"
"1","Monogyne / Polygyne",0.811430455215828,0.277878846867219,77.5535012304092,1,-0.610171471182001,0.543532091929485
