"","status","response","SE","df","lower.CL","upper.CL"
"1","Native",0.295647204284655,0.0251429204272863,38.2954893384469,0.24695053218905,0.348723106383104
"2","Nonnative",0.333712313196475,0.028592314117419,45.3081964078428,0.278618761709636,0.393772895410049
