"","contrast","estimate","SE","df","t.ratio","p.value"
"1","Native - Nonnative",-0.0339438841721622,0.0150055323081935,151.054885165682,-2.26209130572647,0.0251183071187632
