"","contrast","ratio","SE","df","null","t.ratio","p.value"
"1","Native / Nonnative",1.06741110154945,0.0491408725487219,115.513233906863,1,1.4170246665153,0.159167167677118
