"","status","response","SE","df","lower.CL","upper.CL"
"1","Native",1.14909637745637,0.168724760796808,127.238077158611,0.859354261240691,1.53652869862658
"2","Nonnative",1.07652653770262,0.160696300530092,131.142642001225,0.80127198346117,1.44633708690521
