"","nesting_strata","response","SE","df","lower.CL","upper.CL"
"1","Arboreal",135.011108776356,12.7813251381216,119.618017697901,111.934462439017,162.845285498664
"2","Ground",145.912208209005,12.2902015889656,91.3710519505447,123.433371795687,172.484735648872
"3","Leaf Litter",146.731533023945,12.9926664535366,112.560034741354,123.121197491669,174.869504376075
"4","Mixed",140.602245451588,12.1610802181847,96.3220496301871,118.422110349834,166.936658767762
