"","contrast","ratio","SE","df","null","t.ratio","p.value"
"1","Native / Nonnative",1.01593857188783,0.0241684672034324,161.865056619691,1,0.664705845122785,0.50718453638468
