"","nesting_strata","response","SE","df","lower.CL","upper.CL"
"1","Arboreal",35.0026920137621,10.7580618149322,69.8604062190709,13.5456604927891,56.4597235347352
"2","Ground",33.2762323599882,7.62106109274428,30.0902209794504,17.713905890792,48.8385588291844
"3","Leaf Litter",29.3245450214746,10.07080559495,71.936349266765,9.24845749146772,49.4006325514814
"4","Mixed",30.0096708451836,8.37828081868186,41.6683321074683,13.097627512413,46.9217141779542
