"","status","response","SE","df","lower.CL","upper.CL"
"1","Native",0.62477235177844,0.0283092338892022,48.4366347271442,0.567866074766306,0.681678628790574
"2","Nonnative",0.619080804355339,0.0298624323917773,54.6860613637491,0.559227429341642,0.678934179369037
