"","contrast","estimate","SE","df","t.ratio","p.value"
"1","Native - Nonnative",0.00569154742310069,0.0162958051891248,134.922091182501,0.349264571897253,0.727435199757217
