"","contrast","estimate","SE","df","t.ratio","p.value"
"1","Native - Nonnative",-0.0124690363566367,0.0127407684786964,135.672612139244,-0.978672234526975,0.329483840479408
