"","contrast","estimate","SE","df","t.ratio","p.value"
"1","Native - Nonnative",0.00654069173611785,0.0158570020239715,135.553096180918,0.412479718816338,0.680639473434907
