"","status","response","SE","df","lower.CL","upper.CL"
"1","Native",0.579358999210331,0.0292917724370179,32.539827495411,0.519732407287728,0.638985591132933
"2","Nonnative",0.572818307474213,0.0307194542071128,37.2649530295837,0.51058971563579,0.635046899312635
