"","diet","response","SE","df","lower.CL","upper.CL"
"1","Omnivore",3.61351717253779,0.279830325376194,71.8078614933676,3.05566011203195,4.17137423304363
"2","Predator",3.98690395735812,0.268417247852676,73.5711092509349,3.45201910540171,4.52178880931453
"3","Specialist",2.88098006641448,0.574562052369841,73.6986615577053,1.73606240247553,4.02589773035344
